Emotion,Suddenness,Goal_relevance,Conduciveness,Power
Anxiety,0.20397960203979604,1.0,0.0,0.0
Despair,0.8004399853338222,1.0,0.0,0.0
Irritation,0.19824069642897835,1.0,0.0,0.6298495267357133
Rage,0.8010095127159775,1.0,0.0,0.8760411637470445
