Emotion,Suddenness,Goal_relevance,Conduciveness,Power
Anxiety,0.19948005199480057,0.629848216117373,0.18507589194131352,0.0
Despair,0.801073297556748,1.0,0.0,0.0
Irritation,0.19772789363445953,0.534538912164376,0.232730543917812,0.7548550112158277
Rage,0.7989814840441726,1.0,0.0,0.8049198764211308
