Emotion,Suddenness,Goal_relevance,Conduciveness,Power
Anxiety,0.19938006199380065,1.0,0.0,0.0
Despair,0.8006399786673778,1.0,0.0,0.0
Irritation,0.20216159159228064,1.0,0.0,0.526642863055305
Rage,0.8010742268612088,1.0,0.0,0.7540225995511536
