Emotion,Suddenness,Goal_relevance,Conduciveness,Power
Anxiety,0.20137986201379865,0.310630631460273,0.34468468426986354,0.0
Despair,0.7964734508849705,1.0,0.0,0.0
Irritation,0.200634273417148,1.0,0.0,0.5740889468101803
Rage,0.7956737393221274,1.0,0.0,0.8197443092528148
