Emotion,Suddenness,Goal_relevance,Conduciveness,Power
Anxiety,0.19558044195580437,1.0,0.0,0.0
Despair,0.800039998666711,1.0,0.0,0.0
Irritation,0.19721630840372684,1.0,0.0,0.6639626169588334
Rage,0.8012463647694226,1.0,0.0,0.8446266798843235
