Emotion,Suddenness,Goal_relevance,Conduciveness,Power
Anxiety,0.19938006199380065,1.0,0.0,0.0
Despair,0.797573414219526,1.0,0.0,0.0
Irritation,0.1981127785356981,0.6580709512241929,0.8290354756120965,0.49857739009248314
Rage,0.7991495471614756,1.0,0.0,0.7710366426206251
