Emotion,Suddenness,Goal_relevance,Conduciveness,Power
Anxiety,0.20747925207479256,1.0,0.0,0.0
Despair,0.7979734008866372,1.0,0.0,0.0
Irritation,0.20013216059791272,1.0,0.0,0.45435707325335806
Rage,0.795288159850278,1.0,0.0,0.694524462249342
