Emotion,Suddenness,Goal_relevance,Conduciveness,Power
Anxiety,0.20387961203879612,1.0,0.0,0.0
Despair,0.7982067264424519,1.0,0.0,0.0
Irritation,0.19908060625369806,1.0,0.0,0.3914215820132166
Rage,0.7990997459405722,1.0,0.0,0.8769078857794097
