Emotion,Suddenness,Goal_relevance,Conduciveness,Power
Anxiety,0.1976802319768023,1.0,0.0,0.0
Despair,0.8016399453351555,1.0,0.0,0.0
Irritation,0.19989533084554478,1.0,0.0,0.7223842115756234
Rage,0.7983764082173626,1.0,0.0,0.7979874802418675
